"Clust";"mean"
"1";10.3541230729648
"2";10.3571409618214
"3";10.3746488333389
