"Clust";"mean"
"1";34.5578570770678
"2";33.422639776209
"3";30.719127557093
"4";25.0712563390371
