"Clust";"mean"
"1";10.352676246062
"2";10.345143276387
"3";10.3497359974162
