"Clust";"mean"
"1";0.165075285493692
"2";0.118406736722258
"3";0.253538170946449
