"Clust" ; "mean"
"1" ; 1.46931350882063
"2" ; 5.49373508522336
"3" ; 2.73495752204588
"4" ; 3.87215472938436
"5" ; 7.63106900230964
"6" ; 5.49621518699072
