"Clust";"mean"
"1";0.0116088161555878
"2";0.0299327116311537
