"Clust";"mean"
"1";1.46931350882063
"2";5.83774377878728
"3";3.18812633399279
