"Clust";"mean"
"1";0.0146090053271053
"2";0.00990689066192696
"3";0.0245012302076028
"4";0.0418819707629657
