"Clust";"mean"
"1";26.6282159987176
"2";57.5545761122914
"3";128.24048111791
