"Clust";"mean"
"1";33.9767339349615
"2";30.719127557093
"3";25.0712563390371
