"Clust";"mean"
"1";0.13318705017356
"2";0.253538170946449
