"Clust";"mean"
"1";0.113258262776476
"2";0.231196905847552
"3";0.165420087174556
