"Clust";"mean"
"1";248.172972339843
"2";259.626329037509
"3";253.509887372428
"4";278.976237622323
"5";334.552914139672
