"Clust";"mean"
"1";251.98865665319
"2";278.976237622323
"3";334.552914139672
