"Clust";"mean"
"1";10.3488123521339
"2";10.3497359974162
