"Clust";"mean"
"1";41.4190838791225
"2";128.24048111791
